{
  "chaos_metrics": {
    "individual": {
      "lyapunov": {
        "ic": 0.02699425757670618,
        "abs_ic": 0.02699425757670618,
        "mean": 0.026724343459309994,
        "std": 0.022732364864035338
      },
      "hurst": {
        "ic": 0.015987454649874482,
        "abs_ic": 0.015987454649874482,
        "mean": 0.49752168540174635,
        "std": 0.20004661429195786
      },
      "wavelet_energy": {
        "ic": -0.014856652260007645,
        "abs_ic": 0.014856652260007645,
        "mean": "0.06512148",
        "std": "0.0059778313"
      },
      "wavelet_entropy": {
        "ic": 0.01645628300185792,
        "abs_ic": 0.01645628300185792,
        "mean": "6.8188596",
        "std": "2.6966994"
      }
    },
    "combined": {
      "train_ic": 0.05168956737853975,
      "test_ic": -0.07975532857246084,
      "coefficients": {
        "lyapunov": 0.0012440931503893094,
        "hurst": -0.00016885623994505877,
        "wavelet_energy": 2.3955784415810905e-05,
        "wavelet_entropy": 2.8794400445263848e-05
      },
      "intercept": -0.0002035046147225976
    }
  },
  "regime_detection": {
    "train_accuracy": 0.6802480070859167,
    "test_accuracy": 0.5402061855670103,
    "baseline_accuracy": 0.3649484536082474,
    "feature_importance": {
      "lyapunov": 0.4429647075809742,
      "hurst": 0.011247013601392226,
      "recent_vol": 0.21551907358818284,
      "recent_abs_return": 0.10807123271417476,
      "wavelet_energy": 0.22219797251527587
    },
    "n_train": 1129,
    "n_test": 485
  },
  "linear_models": {
    "ridge_alpha_0.1": {
      "train_ic": 0.06584680536720659,
      "test_ic": 0.019422633721580335,
      "test_mse": 2.6620289583466037e-06
    },
    "ridge_alpha_1.0": {
      "train_ic": 0.05690837597234815,
      "test_ic": 0.008053415791690496,
      "test_mse": 2.662885901290068e-06
    },
    "ridge_alpha_10.0": {
      "train_ic": 0.033522855621776114,
      "test_ic": 0.010617322717765486,
      "test_mse": 2.66273752100346e-06
    }
  },
  "shallow_network": {
    "best_train_ic": 0.030816113153887752,
    "test_ic": 0.0006293480614870027,
    "test_mse": 0.025728130172827924,
    "n_parameters": 129
  }
}