{
  "train_loss": [
    0.22420370636078027,
    0.21961745562461707,
    0.21900649311450812,
    0.218503482066668,
    0.2176815105172304,
    0.21773412422491953,
    0.21792502873218977,
    0.21819395801195732,
    0.217795172562966,
    0.21801199190891707,
    0.2176061559181947,
    0.21807310787531045,
    0.21788192425782865,
    0.21798767493321344,
    0.21697369790994203,
    0.21698307360594088,
    0.21700802101538733,
    0.21731594090278333,
    0.21853196047819579,
    0.21779346408752295,
    0.21805581622398817,
    0.21715004799457696,
    0.2180063695861743,
    0.21748173580719873,
    0.21727615136366624,
    0.21771673342356315,
    0.21644147714743248,
    0.21739616245031357,
    0.217639956336755,
    0.21759346012885755,
    0.2175194380375055,
    0.21715030933801943,
    0.2171756699681282,
    0.21773628890514374,
    0.21745190024375916,
    0.21746191898217568,
    0.21768100617023614
  ],
  "val_loss": [
    0.2185090829928716,
    0.21710158387819925,
    0.21671591699123383,
    0.21652715156475702,
    0.21596534798542658,
    0.21601432313521704,
    0.21552317341168722,
    0.2155118534962336,
    0.2151135578751564,
    0.21489357699950537,
    0.21483311553796133,
    0.21482410530249277,
    0.2151047239700953,
    0.21493168671925864,
    0.21517090251048407,
    0.21491136153539023,
    0.2144524355729421,
    0.21458712220191956,
    0.2144675130645434,
    0.21462768067916235,
    0.21459211905797324,
    0.21445880830287933,
    0.2137173960606257,
    0.21414817869663239,
    0.21368450671434402,
    0.21360695362091064,
    0.21352120488882065,
    0.21393196284770966,
    0.21419674406449,
    0.21428737292687097,
    0.21438419073820114,
    0.21416804442803064,
    0.21440684298674265,
    0.2147326022386551,
    0.21456165115038553,
    0.2144638200600942,
    0.21462108939886093
  ],
  "val_ic": [
    0.03523818903345301,
    0.06306285489258545,
    0.12299651620182635,
    0.11280698256810753,
    0.11531063674853251,
    0.06390503819010898,
    -0.11547603291291507,
    0.07697214137797623,
    0.09380208449041022,
    0.08980071401645066,
    0.06264927589104699,
    0.05321495958086367,
    0.02221494573589152,
    0.10279114752736614,
    0.118065743548052,
    0.05964643902653919,
    -0.11354156491120702,
    -0.029134908114254683,
    0.041361599854459474,
    0.13567484225254053,
    0.11651774509666551,
    0.09610375527789801,
    0.14081405439496084,
    0.10743224813855239,
    0.10378395512053293,
    0.025130419717657494,
    0.11038038523867344,
    0.12870797675287265,
    0.12009174661306217,
    0.11463092440632197,
    0.10967291130574783,
    0.09107196405542285,
    0.07059432139604553,
    0.09422811385880718,
    0.10501979853644837,
    0.09138646277820094,
    0.10240204863321672
  ]
}