{
  "train_loss": [
    3.40137590131452,
    0.19259650981233967,
    0.10299619503559605,
    0.09769553859387675,
    0.08921168930828571,
    0.08381827566171846,
    0.08552948745989031,
    0.07708990730104907,
    0.07977625006629575,
    0.0702414970484472,
    0.08942847873174375,
    0.10830020928575147,
    0.0935123088739572,
    0.09929712429161995,
    0.09292638842617312,
    0.07538543893925605,
    0.07771586464537729,
    0.06794380366561874,
    0.0762240637934977,
    0.07657921127974987,
    0.0703967877573544,
    0.06716736934838756,
    0.07854003621445547,
    0.07186345004987332,
    0.06716962837644162,
    0.06271785263332628,
    0.059791263433233384,
    0.05345372687424383,
    0.05629598559631455,
    0.06535859387968818,
    0.08099145568426579,
    0.06579587314157717,
    0.08381419124141816,
    0.06665303347812544,
    0.06394920263799929,
    0.06489721685647964,
    0.09529568891852133,
    0.06260844866835302,
    0.06102499708292946,
    0.05157049438886104,
    0.06254245755412886,
    0.05592675416940643,
    0.07685095618569082,
    0.06520046870554647,
    0.069712417620805,
    0.07212091201255398,
    0.07249273401835273,
    0.0646692315537122,
    0.05758327443993861,
    0.06002736103630835
  ],
  "val_loss": [
    0.3590319400483912,
    0.10671412606130946,
    0.07947533476081761,
    0.06643732417036187,
    0.07036239721558311,
    0.0658295943655751,
    0.08338683369484814,
    0.12612070888280869,
    0.08320036564360965,
    0.06367906132204966,
    0.08219808814200488,
    0.19520278816873377,
    0.11694489385594022,
    0.06774635883894833,
    0.06048376942900094,
    0.16612408513372595,
    0.07028485682200301,
    0.08636456626382741,
    0.07817924327471039,
    0.06559635207734325,
    0.06269801526584408,
    0.06702933325008913,
    0.053145349364389076,
    0.056643512438644066,
    0.04757049205628308,
    0.0809700654988939,
    0.04255953752859072,
    0.054220698435198174,
    0.045086568729443985,
    0.04978446323763241,
    0.041230435906486076,
    0.09025941247289831,
    0.04754746095700697,
    0.10657464780590752,
    0.039324717596173286,
    0.07268813455646689,
    0.07258961925452406,
    0.04273406365378336,
    0.08393204415386374,
    0.037243896862491965,
    0.04897062446583401,
    0.03452766805209897,
    0.054298267445781014,
    0.07875615087422458,
    0.04819044081324881,
    0.042869831774045124,
    0.051320393654433166,
    0.041943146593191406,
    0.05183030021461574,
    0.053274986588142136
  ],
  "test_loss": [
    0.29137096350843256,
    0.10681267285888846,
    0.0655170970342376,
    0.0500520532104102,
    0.05055395056578246,
    0.06743022122166374,
    0.07547974823550745,
    0.08294232866980812,
    0.057644500651142815,
    0.07692868618125265,
    0.0647544903172688,
    0.14978548952124335,
    0.09979161416942423,
    0.07406010512601245,
    0.06258694725957784,
    0.16302609646862204,
    0.06898399781097066,
    0.06729544225064191,
    0.05200349302454428,
    0.05600395019758831,
    0.0415344082496383,
    0.05523183620111509,
    0.04863798821514303,
    0.04701572165570476,
    0.04719987664033066,
    0.06525907665491104,
    0.047298889607191086,
    0.04312959956851872,
    0.04418830624358221,
    0.04488779181106524,
    0.04604425196620551,
    0.07564590058543465,
    0.05754762583158233,
    0.05582501976327463,
    0.03552810669961301,
    0.05470607886937531,
    0.045775632627985695,
    0.05497636696831747,
    0.08006613125855272,
    0.04888599120419134,
    0.04259995354170149,
    0.04036241185597398,
    0.051704988052899185,
    0.04189277067780495,
    0.03320468420332128,
    0.05263822728937322,
    0.06104936501519247,
    0.043576622212475,
    0.05169307305054231,
    0.04165923256765713
  ],
  "train_ic": [
    0.048013758703132826,
    -0.009298525160201897,
    0.015511964808098659,
    0.030915521733633315,
    -0.016811830151040416,
    -0.05424640646324116,
    0.061751770104376484,
    -0.01487334221508562,
    0.011896988489939175,
    0.03648364855080372,
    -0.018631573247356092,
    0.0182776875774214,
    -0.017246851716270675,
    0.007935314906193286,
    0.02646144383541058,
    -0.04055546976545334,
    0.046949936836873894,
    0.04408298677726113,
    -0.03805969644647853,
    0.0007163228127777894,
    0.01888328036798056,
    -0.04589958096447042,
    -0.03988772142493063,
    -0.01006996844880959,
    0.0062954375506237255,
    0.05062146514824365,
    -0.027736436619885174,
    0.03894470792645862,
    0.02927933263268536,
    -0.04658674278245448,
    0.030713288637037737,
    -0.013286651218058523,
    0.018357712431659005,
    -0.005467478282847101,
    -0.02634112122688404,
    0.004246491779735864,
    0.02103196774097059,
    -0.021508243339749402,
    -0.07212164458665984,
    0.03643392970236278,
    -0.03831266077309904,
    -0.021341018369653426,
    0.013508921410095392,
    0.011195249298883376,
    -0.01405392520618292,
    0.06390484830886439,
    0.006505355579800323,
    0.007199664701615902,
    -0.005650490000816536,
    0.04457418034002992
  ],
  "val_ic": [
    -0.0271210808726159,
    0.1106912979791426,
    -0.053139027362326015,
    0.04052620749273324,
    0.09529197105766103,
    -0.004166725461992644,
    0.03088259900519151,
    0.02178331771297172,
    -0.07468080784743497,
    -0.08208521188700599,
    0.02122533396349646,
    0.2785784096845076,
    -0.06793603112533386,
    0.06765990715633048,
    -0.01063791472770069,
    -0.045132422249511084,
    0.0382174352051238,
    0.030954312706498382,
    0.08383219755878098,
    0.08879145762835226,
    0.0716049568793987,
    0.10928719108048038,
    -0.09833736276014418,
    0.07243693937114024,
    -0.007662445162014597,
    0.08291284708901199,
    0.033879078370998496,
    -0.01197159762125562,
    0.041301326020943975,
    -0.023522432055860007,
    0.005307998328726075,
    0.027534176087858523,
    -0.08962736416759108,
    0.09499881375257312,
    -0.00553807520610068,
    -0.016383904519297398,
    0.006389644122329195,
    0.06805616509299812,
    -0.0577167160011515,
    -0.0621243228019813,
    0.03235658250280334,
    0.03217313884163924,
    0.05420346918526073,
    -0.18794715604305165,
    0.020876427348961942,
    0.028304889260149624,
    -0.00452079341343034,
    0.00918466261211609,
    -0.04282083453197377,
    0.012781901726949044
  ],
  "test_ic": [
    0.021327930420817192,
    0.0693392291351922,
    0.03338172776182707,
    -0.01609449875134355,
    -0.016357986114030762,
    0.040450856981793584,
    0.07224028136044994,
    -0.00957142510553769,
    -0.13091856384003053,
    0.030196713065419607,
    -0.10921951577914488,
    0.2223057459819701,
    -0.0024735112505100657,
    0.05335616127444754,
    -0.07130412584072773,
    0.030098726312631083,
    -0.06074491830435639,
    0.01898438791959803,
    -0.019423503516071527,
    -0.06995218218741651,
    0.006088725554974655,
    -0.04484018836641637,
    -0.0013834774961255447,
    -0.08706636190545491,
    -0.006399253060019536,
    -0.10038259376956929,
    0.2189742299954907,
    -0.041587132910930184,
    -0.06504381737574302,
    -0.08469024754748218,
    -0.007633279152516299,
    0.06098712360717953,
    -0.0055554844731600045,
    0.013154849772673855,
    0.0951227096983932,
    -0.07310830524394041,
    -0.03461150875962124,
    -0.009249337862805235,
    -0.046237359242569574,
    0.005343566618406525,
    0.014021769916388477,
    0.0078043323831440345,
    -0.04006332485237064,
    -0.13854609522178027,
    -0.04499001179994195,
    0.03883420890632766,
    0.0015272551209351384,
    0.005759332408674359,
    0.0029664136827460526,
    -0.08162817916484395
  ],